Flight cycle,Brake-1,Brake-2,Brake-3,Brake-4,Brake-5,Brake-6,Brake-7,Brake-8
0.0,0.23731734749316238,0.16526287909036286,0.351161957327154,0.17647977069074133,0.2646730580399427,0.23589333743812194,0.03178688782268018,0.32494639933748404
1.0,0.2392506531408899,0.16526461909749832,0.3511677689434579,0.17942869403131093,0.264673370698309,0.2769527090535028,0.031787071263531516,0.32704525955899605
2.0,0.24074784253306653,0.16574400560129654,0.3526039060545067,0.18104621944147337,0.2655877864408538,0.2801191031825492,0.04053078251578819,0.3291597973458123
3.0,0.2408169737215735,0.1674415671523206,0.3530352664017765,0.18188751799067202,0.2848729587772524,0.2947597469163273,0.04297983272160775,0.3376514666828432
4.0,0.24089347678671488,0.1674793294089622,0.3530381604794546,0.18454044684821952,0.2848730016392059,0.29487026805516897,0.043579127237740226,0.3376516969577039
5.0,0.24720818137013453,0.1674793699768636,0.3599770292745627,0.18472739849935083,0.28819021465193084,0.2951973214796015,0.04376916181580966,0.3409881937171454
6.0,0.29725046333853783,0.1675871383156672,0.3685930045874107,0.19318923764361706,0.29254072506510226,0.2959423518061556,0.04644030742953288,0.3431880112802973
7.0,0.29725146913193295,0.1680679041323543,0.3686124625083228,0.19343717521714127,0.3002953677357728,0.3068901803855152,0.04644359832096762,0.34322681198262084
8.0,0.2980520575931786,0.16808061457179466,0.38425857354684734,0.20151678824395236,0.30200727002099487,0.3092637130411451,0.04676753711143044,0.3603031857154653
9.0,0.29806421086793305,0.169034052332629,0.39560374220935074,0.20480160472619238,0.3022994368103493,0.3381681564512698,0.048571552343401825,0.3606310015989824
10.0,0.3031862689351572,0.19596906567879416,0.39842334147913283,0.2051580203463649,0.3042488030987556,0.3382402417194398,0.05023652356114142,0.3612898170237016
11.0,0.31007952276222284,0.19979510351787244,0.40338166248850243,0.20521820416640915,0.30424880309899616,0.35338209583084934,0.05035534641124517,0.36133226636811056
12.0,0.31007952276549866,0.20033471308376136,0.4160945624704316,0.20796351668984536,0.304276290335361,0.35338209689763583,0.05035557334507759,0.3614161993065006
13.0,0.31213781665489654,0.20039197637047568,0.41630087371508623,0.2079794743229818,0.30428810326688316,0.36385961836547853,0.05037804648180308,0.36205172762897764
14.0,0.31236931304277615,0.20852364885614855,0.4196251143743119,0.20882967773647154,0.30456019424167613,0.3802810546514618,0.061200530362861584,0.3685117588413939
15.0,0.31600087439997354,0.20960025095513585,0.42058530508784264,0.2100111153006462,0.30599660432608594,0.3802828195437482,0.06395178125332374,0.3708699299127393
16.0,0.3160236876230433,0.20960033004342096,0.42102581979034204,0.21264301110005474,0.31156739347845364,0.39244821925410756,0.06403522689407723,0.3708699299159233
17.0,0.3160315523657864,0.20960043341281953,0.4210845902071429,0.22402309618976488,0.31159114792326553,0.3925604233207562,0.09585230039961237,0.37087960822619126
18.0,0.3160364597388684,0.21911392219214515,0.421109076324311,0.22861838972661738,0.3115920767853388,0.3931325348151846,0.09966274987386811,0.3954798116384458
19.0,0.32351710371789755,0.2213922797384545,0.42110907634409056,0.22891657709675622,0.3119446804961668,0.4138825026864822,0.09966275067238721,0.39567080160285656
20.0,0.35887252325193203,0.22160519218440333,0.4211091057330639,0.2290643567311295,0.3142345690211582,0.4277851732887492,0.10091655249353883,0.39567253318403495
21.0,0.35887588981814883,0.2216289728519231,0.4212114138999578,0.23209492467851048,0.3142611659297181,0.42885961280072876,0.10560575977412175,0.3956725332218821
22.0,0.35909556381953267,0.22162897965636816,0.4214714240187182,0.2334015792868465,0.31426795491460824,0.42930043930577244,0.10565420480892278,0.395673549791841
23.0,0.36733596764903803,0.2217272759788639,0.4240981250679791,0.2538817601145143,0.314504492485225,0.4306183940153968,0.10568186937533837,0.40090809098540653
24.0,0.36733603036336354,0.22172729323262608,0.42579308630399043,0.2541639402080301,0.3168201188864523,0.4307607148482013,0.11306351627115796,0.40132050879437836
25.0,0.3863778450037774,0.22185092108693175,0.441075323053209,0.27225402537241117,0.3168365832054416,0.43077475090106004,0.11306425559878253,0.4013205088932817
26.0,0.3868459289851318,0.22190537200980825,0.44107928242606115,0.2723909553190603,0.31748402328586817,0.4357881366637574,0.1130685157313545,0.40837288852596393
27.0,0.3871646146870164,0.22191136299460737,0.4411037321080326,0.27250759579992556,0.3178413839620489,0.4357881499081156,0.11488429372019182,0.41202430736922996
28.0,0.39219117331123904,0.22226702288220507,0.44160719337749876,0.2725723263601469,0.31793383799068137,0.4359376615674991,0.11491035149273243,0.426745133190234
29.0,0.3952252104109591,0.22238398737816512,0.4416071933776392,0.27258467284698207,0.31808933291950264,0.4359951448304408,0.11540971678878977,0.43687758205206667
30.0,0.4084027645726264,0.22238399370383832,0.44496125172323153,0.2726010744839461,0.31813474954439896,0.43712364221199784,0.11984076890888935,0.4368775885955587
31.0,0.40840330847900613,0.22348542023576412,0.44613924007515654,0.27332521864505216,0.3939692697331094,0.4394714772909341,0.11984260193570796,0.43688614395903713
32.0,0.40840333946925905,0.2260572405367396,0.44613926122075387,0.2733363238891983,0.40192355955070264,0.4451909371821354,0.11986105485169919,0.43704743522770645
33.0,0.4088901577031118,0.2262813453750211,0.4470940916903979,0.27752073326246496,0.4106223534921383,0.4555946860257097,0.1199534010580334,0.43812292033518707
34.0,0.40889015770500625,0.22628141858574596,0.4470943374150236,0.2775270101527439,0.410639438626882,0.4598255863824459,0.14823545618976056,0.43812401007972074
35.0,0.40889842908167007,0.22628185633064796,0.44724407652968945,0.2796398292775334,0.410679572874961,0.45982675878981577,0.18976101474210466,0.44185880306651837
36.0,0.40890044157985234,0.22637218746697416,0.44724408104039653,0.28096012476127,0.41226966286858074,0.4618507874537404,0.19548234140662765,0.4585920097934273
37.0,0.43553069124851196,0.2263748007220621,0.4489228721380295,0.28129400386534803,0.41255653023513134,0.48052244450660747,0.19678628980117235,0.4705757636289172
38.0,0.4355307105274552,0.2301252114498126,0.4489576825439425,0.2835231607691653,0.41255869768044334,0.48052244483156076,0.19784185103436494,0.4812017125119327
39.0,0.43738980508211517,0.2321192458386647,0.44936699012816855,0.28367835189432455,0.4125894182090923,0.4805308833384886,0.1978422349179594,0.4812255260102248
40.0,0.4374687858924689,0.23212059021608322,0.4494977854375748,0.28386355257981283,0.41258942055427783,0.4805316130490775,0.19793764568573247,0.4857621830271
41.0,0.43749504902166614,0.2323786388716461,0.44957161467834666,0.28386460320677764,0.41732235414001606,0.4930383397315785,0.19793784137761666,0.4865947320658654
42.0,0.4374975879816195,0.23251454898663018,0.4542858699240172,0.28386617626989863,0.4233950079802322,0.49954768885526146,0.20314498523582888,0.486730794488126
43.0,0.4374976251699298,0.2329592997829163,0.4543495677312156,0.283867444637797,0.4238093092837466,0.5156855655916447,0.2034108387981891,0.505286875147463
44.0,0.43767661949771397,0.23299817786893096,0.4545329492657619,0.2871833414007599,0.42380932995081605,0.5222241263979971,0.23389673319499485,0.5190006113539447
45.0,0.44427552004628396,0.2330736449546335,0.4549986841453644,0.2871834319084052,0.4238093793491095,0.5260897260939593,0.2349644224904118,0.5190156749752545
46.0,0.4478086538828786,0.24608812905461278,0.45645398273045207,0.29238582926562146,0.42432227706909514,0.572377874830155,0.23500441429456959,0.5202417390556747
47.0,0.4478137944644029,0.24656278267061685,0.45645670619833,0.29586126319178013,0.4288946605151614,0.5723778748303154,0.235931087852212,0.5245462959810322
48.0,0.45049993340388333,0.24878624813854738,0.456862402249991,0.29586433373724463,0.42894948058195115,0.5724380180236552,0.2390520843465977,0.5245846148534099
49.0,0.4511548430150293,0.3199634169374673,0.4569015038812017,0.2967331331971624,0.44556353697548245,0.5726185388535946,0.24735470795959724,0.5247734279369238
50.0,0.4511554699089567,0.3341087708397135,0.45697745446642224,0.3052056814224866,0.48127898244278783,0.577447200188857,0.24939301139816045,0.5281432018963842
51.0,0.48020529670395196,0.33522168554073817,0.4569774805204884,0.30702013338586126,0.4825816854570092,0.5788601031048032,0.2586311416659193,0.5286832015184634
52.0,0.4802264204554024,0.336677560627804,0.4569774826754067,0.3070391536780702,0.48258725092112764,0.5788609263031737,0.25876806930039287,0.5290828024555458
53.0,0.4862093377179816,0.3378787167424109,0.4705414577725774,0.3070391536780702,0.4828551622412263,0.5844646295987436,0.25877321264730074,0.5290842901391346
54.0,0.4865020850656824,0.33787871808156283,0.48016130130507106,0.3120992084399887,0.4862031214369364,0.5990140074740368,0.2588143237933648,0.529784535642149
55.0,0.48652395371569357,0.3379035957841271,0.5062225329899904,0.3221386440529507,0.48620312384357295,0.5990187497534523,0.2590490423660111,0.5299840707316278
56.0,0.4933846379960001,0.33814513754810616,0.5479678081418562,0.3221786553220752,0.4862243574036348,0.5990226668398928,0.25904990321997984,0.5561068872355543
57.0,0.508293260459122,0.352686313737488,0.5483026793076489,0.3224709711024636,0.48630040031134464,0.5993138288073427,0.25907845432022547,0.5562747449217655
58.0,0.5082932619207327,0.35313192070044097,0.5485067694690062,0.33453870016260157,0.4863004003113546,0.6097730649809211,0.26660642073855934,0.5562872236163542
59.0,0.509402027104737,0.35318340398188147,0.5543201670149648,0.33453870016400317,0.4891643039205852,0.6109541872061475,0.2666080696833693,0.5563717520184642
60.0,0.510126895266294,0.35325068747774,0.5543593103344472,0.33455576247180313,0.501363659316765,0.613698703611624,0.267358655436966,0.5563912220251785
61.0,0.510136735497606,0.35344437425739356,0.5543593204953194,0.33496231018601674,0.5013640321490336,0.6215636018956284,0.2691947591494658,0.5642828980465663
62.0,0.5102266503862259,0.36881895176079815,0.5551117178619723,0.3391780864938772,0.5014095340186581,0.6218422216013522,0.2699805078371882,0.579965052775423
63.0,0.5103030141175,0.3688225310934015,0.5594945634029185,0.3392896036434567,0.50258987019121,0.621854060416122,0.27076517544584366,0.5799774094231804
64.0,0.5104817570171344,0.41402408798268053,0.5599305429591298,0.33929857006157066,0.502903906929917,0.6218596682597312,0.27132749024002895,0.5810094933120604
65.0,0.510506498313485,0.41406742177276895,0.5599327742956023,0.3393497025296675,0.503103961482403,0.6219297780076809,0.27133020528708324,0.5810202709207499
66.0,0.5529061514921295,0.4197874618870605,0.5599662210070994,0.33938100892045425,0.512543257350569,0.6219316886529368,0.271466967757152,0.5810664514243871
67.0,0.552908657057779,0.5121216119944143,0.5616208888184901,0.33956509653076156,0.5265047248764743,0.622895773868714,0.2717566348382279,0.5819553614643476
68.0,0.5602366577497054,0.5121222515166527,0.5616209156513432,0.3986998121690211,0.5268660793684227,0.6229232169735158,0.27175670377842814,0.5824862480504135
69.0,0.5632768365870223,0.5133462910358934,0.5693735870884277,0.42924745168596484,0.5280490922408131,0.6261314142177498,0.27176109686294025,0.5824862525145953
70.0,0.56327937290182,0.51612555434876,0.570021606902907,0.4338927557116537,0.531513382636755,0.6614794821423439,0.2734365556376456,0.5953735499658332
71.0,0.5632793729018236,0.5161270516357895,0.5703216383603478,0.4365091534941755,0.5327804492876228,0.6614829556441362,0.2734680415707804,0.602250805399849
72.0,0.5654161587954065,0.5161418460562812,0.5703216717317563,0.43813166658047425,0.5376565636177782,0.667611624773572,0.2734680889915697,0.6095324035738807
73.0,0.5672243149282844,0.523230104768393,0.571644382985421,0.43963501940888283,0.5376568204427382,0.6679394144572125,0.3216327424154926,0.6095544305267961
74.0,0.5672243149738242,0.529984398315693,0.5716720784637351,0.43994063813206213,0.5377109157622981,0.6679894198392478,0.32617384917858266,0.6098586095169689
75.0,0.582962524306631,0.5303775870461317,0.5716733465214104,0.43994363861292646,0.5427981188576987,0.6684135893492782,0.3265770141959182,0.6098593112194852
76.0,0.5829846736671871,0.530382099138503,0.5891667378985441,0.44059428661920735,0.5428770486778292,0.6685269635632931,0.3323230253566088,0.6099074321129098
77.0,0.5841690139120239,0.5417038498953813,0.5920148338232434,0.4405942866441338,0.5428770486861989,0.6689011379329141,0.33234228627167345,0.6099240578253785
78.0,0.5846739050200518,0.5495459686409483,0.5935050366856087,0.44062288725221604,0.5481516056446925,0.6744592510153494,0.3325664452010898,0.6099240586051655
79.0,0.5846848625347012,0.5497687300930403,0.5954155184526926,0.4432474218315227,0.5558845711698089,0.674618390826158,0.332592026523963,0.6099261516656517
80.0,0.5846848625871534,0.5501843776994102,0.5954403973307693,0.46299139239890613,0.5571784280939638,0.6753245763511807,0.33261169667063917,0.6103988591861573
81.0,0.5846959955061007,0.5546406992985466,0.5964978593866477,0.46491472243209425,0.5586328522082341,0.6764551145972818,0.3355712110445321,0.6104154538428292
82.0,0.5846961203511817,0.5565841442303507,0.5964993014848256,0.4653470731396216,0.5586328523155685,0.6820280960169985,0.3402209876129167,0.612762223774883
83.0,0.5851009333571776,0.5568196547807306,0.6079036973539156,0.47132035058185623,0.5586337028536577,0.6820513299497253,0.34026773066425064,0.6128016500411801
84.0,0.5851025067344103,0.5568574490799519,0.6577071925257753,0.47132163720643827,0.567750598237338,0.6849529447531467,0.34026773110057096,0.6161447841555381
85.0,0.5865107966591091,0.5569572727344251,0.657733225367574,0.4713589473123182,0.5677521130691736,0.7595618963240703,0.34536441641928256,0.623997477305719
86.0,0.6061615531322319,0.5569572727358485,0.6620676771073808,0.4897173803201242,0.5731697971857626,0.7598794886719283,0.3462839851404247,0.6239989488134547
87.0,0.6080882472245008,0.5569572745848722,0.6691510603351619,0.4897326527022928,0.5800003055880678,0.7598794939931447,0.35978847998536584,0.6446201598611434
88.0,0.6100019415126755,0.5671292556969325,0.6700166811689319,0.4897331506335021,0.5842146531673551,0.7608552498313068,0.3603669896535057,0.6454080053473014
89.0,0.6100495841773944,0.5680062792236102,0.6700173261025121,0.4955808647457712,0.5842618666144865,0.7944464394961567,0.36986186593419496,0.6467699201474726
90.0,0.6100719104560114,0.5683154485625208,0.6760764152725558,0.49889257225816597,0.5842620870683002,0.7959958227917799,0.3698623021778356,0.6975010072862764
91.0,0.6161873583628892,0.5699356468764278,0.6761986311396634,0.5040412252969246,0.5843186841405325,0.7962113678320184,0.370486183799477,0.6975083820770941
92.0,0.6162278564149458,0.5701256121290029,0.6857002233945587,0.5070324956659664,0.5843221226187548,0.7970513539980518,0.3704885448274968,0.6991606322928087
93.0,0.6162352412117691,0.5701315762670834,0.6857998718745537,0.5070530806618092,0.5846591160474812,0.7970655134272211,0.3704888106965908,0.6991608395996604
94.0,0.6224766283655558,0.5751168373341297,0.6858539190041859,0.5070842003039131,0.5846851384117412,0.7970735006655904,0.3800005477083206,0.6992842658630163
95.0,0.6230840624656048,0.575678889518215,0.6875642032953067,0.507087442322576,0.5865403066580368,0.7970782778815122,0.38072386393044133,0.6993115496047618
96.0,0.6230840625908676,0.5917138157758348,0.6894369350469023,0.5071043637784458,0.6481999424174137,0.8722814388981449,0.38747240559082957,0.6993129793172277
97.0,0.6358594505741875,0.6204364502757694,0.6915892189532118,0.5568421949876875,0.6482638988601287,0.872575246320389,0.39322284296634535,0.700070066342574
98.0,0.645568832690316,0.6206279116098355,0.6915894423639313,0.5582631635483057,0.6552013549492807,0.8733239711563547,0.39322508827658803,0.7001168928238644
99.0,0.645575124260903,0.620925583398322,0.6915930338803894,0.5673754258576769,0.6552047629763574,0.8739098491037908,0.3943080471179822,0.7049756779129522
100.0,0.6455865919543843,0.6210360404381882,0.6924658763194067,0.5673759165287755,0.6608458681749176,0.8742384154423826,0.39667683706713575,0.7219881109181275
101.0,0.6455963382973975,0.6210360573274307,0.6952226111432089,0.5677270192949349,0.6609759986777307,0.8748783880551424,0.39752356149790435,0.7219908045782948
102.0,0.6455996538312245,0.6217925828981119,0.6968611187813388,0.5677318546744918,0.6627235111788398,0.8749308650737341,0.400930755884239,0.7328861371601534
103.0,0.6456198083346739,0.6232683074296004,0.7042243427754376,0.5677330296211468,0.6838575982714339,0.8912403218182748,0.4083353538219629,0.7335517523198143
104.0,0.6710812727037442,0.6233224734740952,0.7042591191121423,0.5713763083211449,0.6840379556225814,0.8970363704373018,0.4083487593808073,0.7379648457135322
105.0,0.6711541125301368,0.6251882394876024,0.7245121421295532,0.5713765004056656,0.6840386993139239,0.8970866021835169,0.4083487664100335,0.7379648484882508
106.0,0.6712691546679701,0.6283508958943914,0.7438233381878092,0.5721942877850448,0.6840455522019404,0.8972186791494395,0.4083489769151949,0.7382114588480926
107.0,0.6799188445007822,0.6284325310289437,0.7439171783477713,0.5721959896309838,0.6985923164127767,0.8972983775474251,0.41279913699481574,0.7737144364165615
108.0,0.6834775216778846,0.6321747386359736,0.7544585080662282,0.5722060662828504,0.7235801400377719,0.8972983777217546,0.41288687932528717,0.775696142590975
109.0,0.6834801868565323,0.6396477590294646,0.7546058302863953,0.5728121623658877,0.7235806494364667,0.897471155575984,0.4129826062795358,0.7757885939742661
110.0,0.6834804070541776,0.6411333053278626,0.754640617223522,0.5771591779519621,0.7235806595133957,0.8976066122290172,0.41934845114311364,0.7838016598930203
111.0,0.6834973976470601,0.6415177063478069,0.754944216180651,0.5771662590665,0.7295413811600722,0.8985381666036204,0.4265382054568945,0.7839827882535767
112.0,0.6987043974087909,0.653613918188626,0.7549457058445469,0.5787722642891632,0.7347172721653252,0.8989715144857918,0.4310010715555812,0.784320331962362
113.0,0.6998031206621883,0.6536158719635575,0.7580911668143865,0.5808614140352073,0.7347225256962422,0.9015394297464996,0.43100315743207324,0.7850247094570568
114.0,0.700834718360465,0.6598184597677412,0.7634750616902556,0.5808714899015812,0.7349544730526625,0.9052081777821941,0.4310216823439145,0.799943555298776
115.0,0.7021116611707359,0.6832263754054136,0.7857501731552273,0.5934457719795688,0.7349584841216787,0.9196250790693812,0.43298744814911766,0.8021250080740148
116.0,0.7107470068161945,0.6850806762522236,0.7857502943557403,0.6003305426991855,0.7456163037034608,0.9449626421836265,0.44797272567937274,0.8021285059615669
117.0,0.7107749702095655,0.6992131797448587,0.7866863134312867,0.6085663214856324,0.7470951380755578,0.9459489568803561,0.4492689254427101,0.8021856147808831
118.0,0.7147787492276357,0.7032057978356361,0.7866911634430508,0.6085663224013798,0.7474946944199907,0.9685468394435673,0.4561036519814569,0.8021856149081973
119.0,0.7147788026228464,0.7032057978566111,0.7902864517571562,0.6130232508038884,0.7558923897761209,0.9685907739873939,0.45696755466635813,0.8041401962787627
120.0,0.716306576668813,0.7165822440300161,0.7942774547524653,0.6145139171661407,0.7601415585003534,0.9687093194028012,0.45725327104744795,0.8041502353570793
121.0,0.730597822570734,0.7180938630320111,0.7942790225143432,0.6145850970235116,0.7682315659919915,0.9697210270253368,0.45725327374213376,0.8041528809468738
122.0,0.7398544335758871,0.7180938886322026,0.7942791345536445,0.6173671611879792,0.7682316973023119,0.9755825343629406,0.5041362816990685,0.8044496418186002
123.0,0.7413000607235825,0.7197924536021125,0.7943174671791814,0.6173687497296269,0.7703909696760936,0.9783390103007086,0.515444778190848,0.8074010038515557
124.0,0.7498025696716804,0.7216866381619823,0.8227447754163852,0.6173687550288105,0.7704637648907141,0.9832932069136163,0.5166227090999987,0.8074012393242351
125.0,0.7518270656001562,0.7216907973243712,0.825443881033041,0.6173687722456724,0.7721435234960835,0.999313746915546,0.5167500326093575,0.8074017471680238
126.0,0.7518336634363881,0.7220582110385586,0.8370025801707042,0.6179240565262386,0.7824742056080372,0.9993137471763945,0.5169275593328664,0.8147131202590527
127.0,0.7577257966049775,0.7221178745014571,0.8580374057951335,0.6179472030851367,0.787685492455856,0.9993420355008336,0.5169283249586045,0.8205932930025399
128.0,0.7577399414718621,0.7792902587155167,0.8651674937331723,0.6186656177807454,0.7899720199975063,1.0043740611795586,0.520676868650233,0.8206813505554804
129.0,0.7613618284173207,0.7793764334374585,0.867010612559974,0.6196546543015371,0.7899747124211551,0.02778092612738265,0.5492757934932853,0.8206814193195361
130.0,0.7613618286534656,0.7869485396726866,0.8841125939663217,0.6196922900178687,0.7926909221066667,0.08578560202104431,0.5494876281469552,0.8206814341353862
131.0,0.7619801709046552,0.7886385085447357,0.8848526716041218,0.6196922956446139,0.7930635278496162,0.08579128966529811,0.5505859934683524,0.8206841117879109
132.0,0.7619801709096304,0.7886546547639778,0.8848668634630396,0.6377682101781014,0.7934660884218998,0.08631171961063726,0.5656922776203944,0.8206955937597089
133.0,0.804189880352553,0.7886550607100137,0.8848668640418322,0.6460705682380804,0.7935423296592746,0.11718385034551596,0.5656926277437372,0.8232760803475221
134.0,0.8041973037211894,0.7886702494634412,0.8848882196721136,0.6469801332235772,0.7968138073065086,0.11718566401948144,0.5656926277500793,0.8232761133312964
135.0,0.8078829909599202,0.7930937972456066,0.8851250058398931,0.6518467720872704,0.8106251319299735,0.11718567419346924,0.5669697020702783,0.8276326645631474
136.0,0.808697792125296,0.8113898883651479,0.8866580931593241,0.652080912609833,0.8106251324989262,0.11718568393326537,0.5670628868137447,0.8276349794942108
137.0,0.8088831995779401,0.8312400632161011,0.9190313478734515,0.6520878524153553,0.8112939681440329,0.11718667770194909,0.5670796186718272,0.8276519768529267
138.0,0.808888587226105,0.8312739322121759,0.942789248410646,0.6521287178791969,0.8112941560919563,0.11802154552261034,0.5670836605991336,0.8300119645911826
139.0,0.8089560014428707,0.8508327811474621,0.9857057408774411,0.6522816519675553,0.8114160186529018,0.12048742596495805,0.5697753195716719,0.832989107269818
140.0,0.809967968762528,0.8519130255187642,0.9866668004292201,0.6595429127956091,0.8114607952920264,0.22486973284492368,0.5704614568981432,0.8374245855543044
141.0,0.8099679687637352,0.8520457982798192,1.0142848348841538,0.6697630360638394,0.8193216867555781,0.22959319697580646,0.5704616426682836,0.8383470736481036
142.0,0.8106138774264542,0.8813838490540372,0.00012710029461948286,0.6697645693913141,0.8303753114541924,0.27661152685543,0.5705586231535918,0.8387390497736348
143.0,0.8124595116829368,0.8826793772166365,0.012141842398355106,0.6707405303856578,0.8307362001880855,0.31946910704885606,0.5705639197344258,0.8418044770712237
144.0,0.8225813885503089,0.8826793871850809,0.01474038029186652,0.6780982630587713,0.8310671703754064,0.32303721003498664,0.5708188581775705,0.8418164805437816
145.0,0.8225814032324394,0.8836358773747907,0.014742277347892296,0.6785414952475781,0.8314507898111748,0.3233780882423292,0.5711330221032572,0.8886141643732098
146.0,0.8225814032359283,0.8891563206880972,0.02036190599657562,0.6785542815224817,0.8341760374222315,0.3462207514353923,0.5711339815768919,0.8886174765674885
147.0,0.8452486958641716,0.8895562140688779,0.020394155925807417,0.6785594427757147,0.8514217561137762,0.34622075143557585,0.5711358236182519,0.8911072910669662
148.0,0.8457559055530666,0.8895628671823923,0.025510599140765942,0.6955587254274835,0.8635109681930679,0.3472961034377219,0.5714832111162516,0.8929066542079374
149.0,0.8458072312593959,0.8897488619577618,0.02551065679949987,0.6955592801025015,0.873729046833187,0.35376997214829475,0.5715843344395832,0.892906663653165
150.0,0.8533247646527841,0.8911055272444316,0.025788793404924498,0.6955592900856653,0.8742204782533916,0.3637226899571061,0.5835374818868793,0.8941435125818915
151.0,0.8534112467769587,0.8911311115048288,0.03090527516179159,0.6957799803201838,0.8742249411778823,0.3643329899234725,0.5835468721302919,0.8941435142160911
152.0,0.8534222256894364,0.8944402336183841,0.03180930544370354,0.6957809938678384,0.8770908140977792,0.3716141039270814,0.5890060854146584,0.8942941762248985
153.0,0.8538222654943377,0.8944406802685618,0.031865941398365585,0.6958019033024078,0.8776043302092773,0.37161410398057176,0.5890090827628275,0.8948053890633291
154.0,0.853822506672299,0.921594202906835,0.03272443296502382,0.7398544146819042,0.8776095645907338,0.37172287064512355,0.5890091072546789,0.8948053890909333
155.0,0.8538989061501833,0.9231522987176978,0.03732695606390278,0.7578315065251191,0.8946740634136865,0.37219893224389294,0.5891143369819392,0.8952611602236247
156.0,0.8539656967354327,0.9266346692196492,0.03732718898909748,0.7578378180461668,0.9058048165839632,0.3722229218216051,0.591198788635653,0.895262496513689
157.0,0.8540255363318017,0.9266354254547298,0.037327400340431534,0.7641011784700618,0.9152909716131331,0.37222292182160993,0.5928363212070195,0.9081207375654494
158.0,0.8551260191982668,0.9289452077338316,0.04099579643127121,0.7725031056245443,0.9478945644891876,0.3722366587659608,0.5930326654646859,0.9092929858174305
159.0,0.8653552333096421,0.9289454796955262,0.04562355403806941,0.7725031056245891,0.9533727418041286,0.372269287606395,0.6123939042385448,0.9328153022033482
160.0,0.8653834114667932,0.9292081257980825,0.045634405958983694,0.7752543128054389,0.9533727455060824,0.37227307344645577,0.6131471743488498,0.9335034368456971
161.0,0.8654093775259073,0.9317732049469696,0.051160342664811315,0.7753113917951224,0.9684193254959073,0.3722730811692219,0.6132541939246269,0.933503995176036
162.0,0.895679260844864,0.9344785064657706,0.05144726625580054,0.776424810018368,0.9685323261453389,0.37227323051079214,0.6144248609708818,0.9355131454805534
163.0,0.8957369608213197,0.934478506465819,0.054078156846152955,0.7767901622656135,1.004606223369948,0.37293647072822816,0.6148670186086297,0.9382100494848439
164.0,0.9169407302339412,0.9344785671679708,0.054081269420948375,0.7768421374043395,0.0002173769249895422,0.37317671501279004,0.6150387973501454,0.9382534788089879
165.0,0.9169944833030911,0.9356767284522687,0.0541372739632766,0.7787360911500212,0.0006837817661703987,0.39236472301073805,0.6150388006281174,0.9383273690757828
166.0,0.9188261389915011,0.9588973843119751,0.05434951918155398,0.8153837365528502,0.0008114839038866507,0.39236472372819314,0.6150388084803976,0.9692890894190455
167.0,0.9201505272910484,0.9596612320043434,0.0543495301336883,0.8162529948980682,0.0014589906040323403,0.39238211248430954,0.6166517247524018,0.9698491117421331
168.0,0.9202256598445103,1.007817360793883,0.05434954341208901,0.816284993416495,0.0015207841142793675,0.39261688139035106,0.6166522950714872,0.9705048728230298
169.0,0.9204866829253956,4.039902354513951e-06,0.05630379598468719,0.8163047104905419,0.0016322585307796233,0.3997876176672332,0.6188919413439924,0.9705081435549213
170.0,0.930920667763279,0.0002267663170625821,0.05634478966504833,0.8163055978845559,0.0022683358241011474,0.3998838163760995,0.6190280328328138,0.9957181999117694
171.0,0.9309535305098614,0.00026652635155466483,0.05634977171752973,0.8466624828469095,0.002623558332258744,0.3999368797416147,0.6195213249824696,1.0079803783801626
172.0,0.9310496066031289,0.00026688992640160855,0.05636750806934885,0.8469861572551468,0.01232176977166355,0.40078118918424843,0.6219369308950585,0.0002816740653042992
173.0,0.9328608048349796,0.005439850727954267,0.05957447533527675,0.8470035854067984,0.014637935888125075,0.40106805723519284,0.6249131791662362,0.0023584657230810865
174.0,0.9337732040045319,0.011313450719286942,0.09118278055117711,0.8596542655464086,0.016709448696686228,0.40182273519987055,0.6567842077465651,0.00236157412180487
175.0,0.9361884205140887,0.011317627035027245,0.0919735338272537,0.8597266548460245,0.02881615649772728,0.4019449291694358,0.6567842081608087,0.011997520595593813
176.0,0.9363702840204408,0.011493812842391843,0.09224827615363199,0.8612800496276796,0.0370761763095038,0.40578346311267255,0.6567850881293876,0.04565495342967773
177.0,0.9369455344608801,0.011552704705100805,0.09224827793496368,0.8612800499554825,0.037119968082116046,0.40822241724923264,0.6567853271970544,0.08965121315364646
178.0,0.9370444609051544,0.01647447191178881,0.099812356490864,0.8616057043876023,0.037122679631167735,0.40822504255229713,0.6567922815395207,0.08965875761423234
179.0,0.973514886143376,0.016952540941422588,0.10046568517709636,0.8631804604830264,0.03719668907296046,0.41067994391881346,0.6590869270086538,0.09053464458343752
180.0,0.9837929946448625,0.023118745924135993,0.13695699050691384,0.8631807362750518,0.037212494207748054,0.4117814985347929,0.6614460875727477,0.09081075447476335
181.0,1.0012956530073673,0.02384404342662197,0.13842378734049662,0.8633325599035515,0.04073828659701671,0.41396617952191583,0.6614509794022544,0.09096287836799215
182.0,3.4091126563487475e-06,0.023844287709605734,0.15833316952320503,0.8677749906036878,0.04140007160208238,0.4224212619422189,0.6619939282792375,0.11100199571336328
183.0,0.005025993430529815,0.035029875020054724,0.1590777064114461,0.8813614278618199,0.04467511553595334,0.4224215738281609,0.7056936711002488,0.11141917530950403
184.0,0.011342672994027752,0.0350310776375432,0.19690972235048834,0.8813624150148084,0.044678734096536,0.42255672882974543,0.7274151890681446,0.11141917769071567
185.0,0.011342673144002655,0.037882264311886925,0.25956933574090985,0.8813636256583663,0.046204579593769626,0.43777244188162395,0.7289930086204924,0.12540245899266442
186.0,0.011342685799726167,0.03788262948422285,0.2596729173020789,0.8815744376531301,0.05040097954235417,0.4377728251910013,0.7290041979320652,0.13094375446841905
187.0,0.01607884986695919,0.04407702991364581,0.2618695511356309,0.8815746167534606,0.05053089656818297,0.43777347747666967,0.729128274953297,0.1398189770554985
188.0,0.01726021928878922,0.04505672427556511,0.2717331545929419,0.8894457492918877,0.05053163957583717,0.4455500753415055,0.7298333654259297,0.14483941749486515
189.0,0.01726676681310537,0.04510913490146624,0.2809172980176601,0.8899472528140698,0.05054550788086521,0.4676188951622631,0.73198538312172,0.1521416437459136
190.0,0.024038808212356093,0.04752432168831531,0.2887706008969664,0.8906135619439586,0.055174104316128306,0.4676382812584915,0.7323220956211072,0.1580801259164841
191.0,0.04155229197966549,0.047533600480768066,0.28878318693774996,0.8925012077702431,0.05713206338546888,0.4681462349355264,0.7323252121072962,0.15809919001841044
192.0,0.04155351664327324,0.06184197380752135,0.29237880621834966,0.8925160901582322,0.10926502328118248,0.4837193010160987,0.7471425226479608,0.15842492659668836
193.0,0.04246381619147125,0.062062521430735935,0.2928735008766348,0.9080022740348099,0.10926523841238894,0.48372522073575797,0.7472942569270236,0.16907003240199736
194.0,0.04799873179688981,0.08367311053026807,0.29364535931908003,0.9091509007503032,0.10927198153902958,0.48373985993267715,0.7474462958641623,0.16909234337833323
195.0,0.050334558377925685,0.08367311133218087,0.2992158670772041,0.9098198249201351,0.10927198284296179,0.4862491540589431,0.7513625772181202,0.17050268291188841
196.0,0.05444454503381718,0.12678104070624255,0.2992175909725212,0.9099020348443959,0.10927229338650594,0.5169616459194608,0.7527916549367972,0.18319259598706494
197.0,0.05444455247428618,0.12678107795223267,0.30422364199114776,0.91014992168768,0.1120621156668318,0.5169685513818119,0.7537952577817286,0.18319324244546406
198.0,0.06034336966600259,0.1359381902152056,0.3064752756393684,0.9101501165003003,0.11636814590959267,0.5422707092803881,0.766314356034994,0.18370210900039594
199.0,0.06052468306652961,0.14009851312543198,0.30809609516491154,0.9112557596751323,0.11654718494020551,0.5529307937106455,0.7671268121319588,0.18504619999762556
200.0,0.07493283550492637,0.14014785138699043,0.32634883016757604,0.9237642689293776,0.11654721303676197,0.5555829539020558,0.7671680794318602,0.1853675800854523
201.0,0.07722954936419361,0.14016754730005454,0.3263671443171892,0.9276469390893324,0.19343784636911998,0.5555829636728191,0.7966398958002777,0.18537667919007608
202.0,0.07722957949083013,0.14040398801433335,0.33784458786810573,0.9288625237972133,0.19344794133852183,0.5699783717581626,0.8078021647662271,0.18541317277786104
203.0,0.07747719820585534,0.15201302942925263,0.338239578809918,0.9381004385238034,0.1972483773297804,0.5756947175566169,0.8078319805102097,0.18546100657326856
204.0,0.07816574371009638,0.15497676732401633,0.33823957881011446,0.9381005219950134,0.22524348535561228,0.5810674027854077,0.8078952654573437,0.18555636877462942
205.0,0.07862050066334464,0.15625376771846208,0.33824267410230036,0.9381282793512805,0.22579770660664492,0.5856433427868925,0.8078954782926806,0.1866466566265229
206.0,0.08511297324751563,0.15865954233300814,0.34130005695966137,0.9524501334155235,0.23451368573947806,0.5856476632389535,0.8093737152757634,0.18707899449215631
207.0,0.08525862944695065,0.16069552444514534,0.3468953001203344,0.9524711950189035,0.23451368574077164,0.5856587257717726,0.8093851222393881,0.19924201743984007
208.0,0.08525866347277111,0.1606971486093919,0.3490336590236097,0.9524711959141924,0.26336708768322104,0.5857464578693158,0.8149678009975446,0.19925476456714497
209.0,0.08550521963891007,0.16097358787391988,0.36989356521583105,0.9524846819104014,0.2633686010136598,0.6953995952782276,0.8158057081937212,0.19925553135368526
210.0,0.08995747512092922,0.1661406809021487,0.3743934190325507,0.9530188066816463,0.26336860103122756,0.6954010793256552,0.8166778927977678,0.19927208995291837
211.0,0.10269174130828983,0.16711851798999305,0.3823114863993201,0.9603674720694249,0.2643809537327291,0.6954583514414269,0.8166779260296949,0.1994408749342856
212.0,0.1026991118984731,0.17091524925665572,0.3825424235018381,0.9603828952031678,0.26889486218712133,0.6954643873658343,0.8318961395843854,0.1994526057911455
213.0,0.10551316732899386,0.17113447496635037,0.3883241935705234,0.9630957746689834,0.2689249161433815,0.7002797061863939,0.8329443110425861,0.19945266682785395
214.0,0.10576668479739638,0.17113447532718773,0.3923845103362727,0.9639224250740633,0.28025924615539943,0.7093013904625187,0.8329443139847795,0.19973388609864207
215.0,0.11907368212370469,0.17279937024249137,0.39238477138824995,0.9695073680819056,0.28025924772915334,0.7137249013250727,0.8418148296932231,0.20028727773046842
216.0,0.11924060565143621,0.1764908962689557,0.3991994252150704,0.9695227131328359,0.28046205784475303,0.7137249013250994,0.8504787811052811,0.20033791766304782
217.0,0.12362132599273579,0.1764913170177775,0.44534531572593866,0.9750102017149973,0.28046263416860717,0.7150871804017227,0.851084517850929,0.20033862263925245
218.0,0.12362135152293133,0.17649139658262109,0.44553222080129185,0.9759935441539596,0.28046263482819433,0.7575378529767345,0.8550498382823207,0.20399467700834495
219.0,0.12362208655685936,0.18010526814495176,0.44553225235901417,0.9771872041226198,0.2807030472051932,0.7582775179514745,0.8550750165916922,0.20400058555462336
220.0,0.12362213764126775,0.1801470773801774,0.447665595512713,0.9771873492413528,0.2811797346966889,0.7583533048512762,0.8550859070959435,0.20406861733390333
221.0,0.12576509236286595,0.18243315417120093,0.4486325416349831,0.9773802720901688,0.28227046120799854,0.7879286034405367,0.8615839498780642,0.2047293724057731
222.0,0.125783803974631,0.18679643562886103,0.448642091736173,0.9774245632061456,0.2826212882726008,0.8096108071487158,0.8691472431422198,0.2047390944899427
223.0,0.12578423373534167,0.19962035939736228,0.4488274306389737,0.9776935659214044,0.28444697293224736,0.855469798046541,0.8711833731552843,0.2094063600099957
224.0,0.12894673818177274,0.20053326946638678,0.4517799184275635,0.9777500377590983,0.28444697429538446,0.8558766046718118,0.8785721599265589,0.20940637816974758
225.0,0.12896698988912578,0.20103902440891713,0.45179919986854117,0.9857139812183349,0.2844915450805018,0.8559161116794217,0.8883984073450262,0.209406379377496
226.0,0.12900762491736034,0.21483236978607678,0.45381759402807037,0.9998100814998649,0.28450349646808076,0.8559161132993928,0.8887531182315177,0.21125817387660467
227.0,0.1432003350703022,0.21483236978868894,0.4538190959946463,1.0130158728895329,0.2848891411238117,0.8708371813619427,0.8904625120011294,0.21125948222378904
228.0,0.1446883193288088,0.2181419566114399,0.4674224916067641,0.002556832093596553,0.2854059057198361,0.881659426167604,0.8911628038457936,0.2222308753978412
229.0,0.14516686684480684,0.222420304650485,0.46742249164011224,0.002560231794050282,0.3143216854282049,0.8888192649639389,0.8912454986436764,0.22798632061709004
230.0,0.14516686684820218,0.22242198268579844,0.46777271773483653,0.012159846362184378,0.31438994751520666,0.8888287212721163,0.9051879150022808,0.2282707455497805
231.0,0.14519009649113526,0.22277423662980295,0.4684927277739771,0.012183674971826344,0.3145851601326597,0.8888287214024356,0.9051879212781679,0.22827076518615974
232.0,0.16347618601617092,0.2227747349996456,0.48248151307013415,0.012185546572375647,0.31484768480338704,0.8888431826500136,0.9080878462823531,0.2301353899309263
233.0,0.16347621173121424,0.2229092985770833,0.49564364401157507,0.012185582772069483,0.3157484723859329,0.8998258980490788,0.9081347635058232,0.23020883109886228
234.0,0.16936030133263358,0.24634760268361633,0.5014667676456741,0.015570302272941365,0.3157516644212543,0.900593974422975,0.9081349322622798,0.2453513993314536
235.0,0.16936040017687592,0.2550080944002139,0.5024909586748166,0.019629655534997383,0.3157516644212544,0.9195706713421888,0.9112042851236523,0.2474296867426026
236.0,0.18779579752405923,0.25767079228404277,0.5024910487361445,0.01988738711201249,0.3158846101862877,0.9214514306374685,0.9118524290058844,0.25624007903294577
237.0,0.18781486898162578,0.2588094429028877,0.5049003716445442,0.019909040452295735,0.3174249153638005,0.9289946770522689,0.9122926837083317,0.2606138587253217
238.0,0.18819392536876556,0.25985205952722923,0.5097557405382941,0.03699174979388719,0.31743642977048603,0.9289948034501817,0.9151943300718506,0.26337848091430166
239.0,0.1888601323245687,0.25985903389737297,0.5102940720568233,0.03699176905140605,0.32973985574950176,0.9289957979680777,0.9158198906026643,0.26761018290256433
240.0,0.1896424400309151,0.26366451673493496,0.5102946429883614,0.10418033515545205,0.34809647240831143,0.9296682011986536,0.9166220081668286,0.26904405249434954
241.0,0.21059604654701047,0.33969170908186636,0.5106493135215463,0.10482482446505799,0.3597654228039876,0.9327220815055393,0.9166767745337443,0.2720170227408142
242.0,0.21244059400726123,0.34319567596579686,0.5251790052059082,0.1098484406614561,0.3597685704029206,0.9345779502455833,0.9182127255536894,0.27633829043367325
243.0,0.2251809174443302,0.34319967154072345,0.5255436335832855,0.13165654731401893,0.38337220139062345,0.934735956721815,0.9205153189998587,0.2766280242345884
244.0,0.22585544157835585,0.39589601857630086,0.5520435210183758,0.13444766895155388,0.383380622746049,0.9347474142191613,0.9207242435696842,0.27728015325124283
245.0,0.22701979449377838,0.39617093755039695,0.5520435210891548,0.1379581682195783,0.38338185414519504,0.9375420922997202,0.9207263865775479,0.27741065536827686
246.0,0.2479053742093953,0.3979157962963276,0.5521193985548762,0.1475135121939209,0.38403671710102355,0.9557211024951755,0.920726865067625,0.2805661880995766
247.0,0.2500273762317666,0.3979313878961466,0.5546469865464209,0.15067305852709503,0.38444005532453884,0.9593135637292443,0.9211605470326301,0.28066803677023083
248.0,0.27075130962918115,0.39825556643349075,0.5546469865466029,0.15690329671020622,0.39009756027652387,0.959338232014732,0.9212584154391186,0.3082267403926931
249.0,0.27158723737191676,0.3982818120738027,0.5554342716532202,0.16085857903143688,0.3905691584182185,0.9593791266701889,0.922102913648882,0.308531400971944
250.0,0.2717371257083115,0.40381874786439814,0.5563382662196639,0.16086530118468892,0.3909497228295327,0.9713001421961172,0.9223604925732682,0.3089659591162154
251.0,0.27423563214095575,0.40746346930717126,0.5569868139204788,0.18607883962140126,0.3911777068641009,0.9761552658034008,0.9228151479227419,0.3091321091661975
252.0,0.27423563937859324,0.40746347575027936,0.5600814239513743,0.18771702583776878,0.3915114647295818,0.9771460345872884,0.9261293337494088,0.30930001389899786
253.0,0.2806664506626397,0.40802950811655975,0.5600920846755667,0.1877383503874033,0.39628498118114774,0.9771473096816373,0.9261293393120225,0.3138864869889183
254.0,0.2844458035276802,0.40822412312043854,0.5613610872150572,0.19095829175096682,0.3981771418861562,0.9778608840776746,0.9391693846158612,0.31388653819134815
255.0,0.3101813566097407,0.4082667203997211,0.5613695488091017,0.19532001741019095,0.40720939046744553,0.9786624734563488,0.9485565189310324,0.31396049480929733
256.0,0.34284758689562667,0.40949157189166324,0.5835652822514573,0.19581478455102963,0.40727449723221026,0.9790245321632103,0.9493546856686309,0.315385387114074
257.0,0.3429124544889762,0.41130209606643636,0.6188114702088283,0.1960492398702461,0.4074224413642651,0.979068924828413,0.949687715682897,0.31538613503379553
258.0,0.34291246582586743,0.41834051017518636,0.620232713779881,0.19608566284286483,0.41721802044352874,0.9790990080776593,0.9498514829832899,0.31557747854836965
259.0,0.3916730586917529,0.4204402089718427,0.634767262243332,0.2175794607878561,0.4191987644019482,0.979099121241954,0.9501393454474224,0.3155774832872404
260.0,0.3927082810909538,0.42350066003143017,0.6354505355491864,0.21877360982233257,0.41972794180181355,0.9790999966821998,0.9580800178607483,0.3279666055098876
261.0,0.3946279262264028,0.4244775222437385,0.6355555372500991,0.2195544230306826,0.4197335879036288,0.9795532590487878,0.9593292133219796,0.32796814417516307
262.0,0.39513445333084535,0.42448534917277847,0.6429566988464739,0.21957055220913987,0.42268699728607434,0.9795533628341392,0.9627597098644204,0.3279750886027852
263.0,0.39513581414891014,0.4328277406158792,0.6440737260290672,0.2538652454958722,0.4231462284223094,0.9797979136859066,0.9627633369415532,0.32838170931229743
264.0,0.4100997448427523,0.4706087517475737,0.6440746686041577,0.2538739809866212,0.42654782783787537,0.9838631285410805,0.9666553345439347,0.3286752494782282
265.0,0.4100997712937914,0.474744627936708,0.6468808349253485,0.25387398152060847,0.4265484584712413,0.9948915606162048,0.96702891378917,0.3290277789529527
266.0,0.41141767830626036,0.4747446283238456,0.6558570180672023,0.2547075546612381,0.4277499810660212,0.9969621409086811,0.968475985273819,0.3292358191950096
267.0,0.41537473753609444,0.47760107651920736,0.6559083270011702,0.2547630569101791,0.4277982429668288,0.9972349575891158,0.9684760058946619,0.32925230981843867
268.0,0.41537807434596424,0.47760991817125864,0.6559083276392997,0.25479884188493507,0.43042201279607367,0.997782136660878,0.971265275258573,0.3366282565851558
269.0,0.415380121986872,0.47760996242568127,0.6563837797285802,0.26614812800295456,0.4489882333627295,0.9977821370803567,0.9714254933435726,0.3366373140624873
270.0,0.47665596553325607,0.4776100991234281,0.6564166175765048,0.2661888847928921,0.46204084960820685,1.0006088362959762,0.9714257488266196,0.33870575488769045
271.0,0.4845962222055576,0.477729235477861,0.656426107844559,0.26621010989998006,0.46205309199936456,0.00014181533556325302,0.9732339830874734,0.3390648632622734
272.0,0.4847829690766548,0.4897946418067299,0.6608512558073816,0.2797120240869936,0.46229680639704346,0.00017102384362331147,0.9732351135838838,0.37546679896003465
273.0,0.4847829691294227,0.4901598791421886,0.6709312900198711,0.2869397575710445,0.4622968064186243,0.0035687129510305524,0.9774103060014777,0.3757005895140472
274.0,0.485841198731866,0.495706131479823,0.6709313632452695,0.28694665420335674,0.46326080823918514,0.0035687686264069653,0.9774118087548833,0.375770777160552
275.0,0.4858412187846579,0.49643007628181063,0.6709933288078461,0.2869474656636113,0.46959392117049514,0.03037537465768234,0.9843956416760941,0.3973465333956036
276.0,0.4858412189325636,0.4964563141898783,0.6710056558971651,0.2909089596918965,0.48495544800924983,0.030895717482349323,1.0100229485977408,0.39744091802860776
277.0,0.4858427395665278,0.49648625439611355,0.6714578533257605,0.29141763160109646,0.4919740743149963,0.031170002770581677,0.00047928190455113286,0.39819680717011524
278.0,0.49038407133985884,0.4969933809624506,0.7322426756852184,0.29530800269946794,0.4921072941170858,0.03682196580031625,0.0034469895298235467,0.398517642750968
279.0,0.49064624356310593,0.4971846334655834,0.7376507162169456,0.29578641021254987,0.4921115913358353,0.03692707532872656,0.004349788056579623,0.3985556580900637
280.0,0.4918991541732486,0.5037946198043268,0.7377401464278142,0.29579865295626034,0.5053648959330113,0.03719790597981869,0.008009181117379612,0.41374400579844367
281.0,0.4981479461220381,0.5048949491966427,0.73774129283705,0.2972009060620501,0.5087419781519305,0.037321262500668716,0.010118971325293404,0.4137916096678773
282.0,0.5025873434317725,0.505028604127473,0.7377534766872695,0.29732818124954835,0.5087420689594138,0.07761769193166754,0.014787515757021315,0.43495181377176945
283.0,0.502587732272752,0.5050406163217651,0.737754183433548,0.29852814161603863,0.5087420689911986,0.08372750132060469,0.03745043428818612,0.451816887924898
284.0,0.5050203185750123,0.5075257532508998,0.7384121424079079,0.29995777647845234,0.5129535573572104,0.08427235322965662,0.03784351064255675,0.46914084943318035
285.0,0.5050328587887701,0.5093187187384589,0.7397568234416431,0.2999815699411745,0.513263647100374,0.08977821361375783,0.03790822272812964,0.4692209016947412
286.0,0.5061966737039696,0.5112185878357915,0.7397626504440715,0.30420059475881056,0.5244430189554771,0.08981195544940912,0.050573384757262134,0.46922091155113105
287.0,0.5112246411366248,0.5122216735333772,0.7546627452336084,0.33121822478181706,0.5246301596350381,0.08989052897252563,0.0513262656649288,0.4692209115524197
288.0,0.5112325161624979,0.5126533151499414,0.7546627531234718,0.3371590937692267,0.5254911734045782,0.08989118017570036,0.061541447680773256,0.46934140192427265
289.0,0.511233017324792,0.5126807113766645,0.765063784960384,0.3373767667515912,0.5326538060873188,0.08991013910404885,0.06154194280726493,0.47064883607433816
290.0,0.5112554043899803,0.5136174931806384,0.7675900160454007,0.3377842091505836,0.5354822768813517,0.08991092822934227,0.06342892641875733,0.47064886298137854
291.0,0.5112554043901852,0.513617538253187,0.792897553363735,0.33778425276971397,0.5396627310637595,0.0899134784079552,0.0634399703760755,0.4706489717410464
292.0,0.5121517461041694,0.5137337475315281,0.810994106632807,0.3425331702413065,0.5404241560297333,0.09467011097516193,0.06344547627551307,0.47064897174297327
293.0,0.5123695847740002,0.5138511216385051,0.8119420920949609,0.34344538039645384,0.5404242722048012,0.09473605414519885,0.06360584949235286,0.47064897871972333
294.0,0.5123696506627032,0.5150061772582254,0.8125792430767405,0.3529052414785562,0.5601335070206906,0.09476640303174225,0.06382508432049737,0.4730811985004462
295.0,0.5123696506644438,0.5184286346799055,0.9268831751131054,0.38197778666168664,0.5601335076312298,0.09605414763789917,0.06383925006913624,0.4730812145086565
296.0,0.5124663985328098,0.518428671496313,0.9271358711957557,0.38205635996652976,0.5601400044552783,0.0966839598942764,0.06393210874858055,0.4764234976742214
297.0,0.5140825190941963,0.5184288834124514,0.9272080719514657,0.3944527060652138,0.5732318287767055,0.09695456996883535,0.06538294280215311,0.4767906893482076
298.0,0.5141288176848344,0.5226262221635328,0.9312955807702036,0.3944527062116698,0.573231832047997,0.10182567769355826,0.0942306694602307,0.4768129602659869
299.0,0.5141296984221865,0.5255429055911193,0.9318872322574255,0.3946058481674483,0.5841518738711562,0.10954324435307745,0.09429596042833972,0.5250748091057841
